--
-- PostgreSQL database dump
--

-- Dumped from database version 14.18 (Debian 14.18-1.pgdg120+1)
-- Dumped by pg_dump version 14.18 (Debian 14.18-1.pgdg120+1)

SET statement_timeout = 0;
SET lock_timeout = 0;
SET idle_in_transaction_session_timeout = 0;
SET client_encoding = 'UTF8';
SET standard_conforming_strings = on;
SELECT pg_catalog.set_config('search_path', '', false);
SET check_function_bodies = false;
SET xmloption = content;
SET client_min_messages = warning;
SET row_security = off;

--
-- Name: watson_searchentry_trigger_handler(); Type: FUNCTION; Schema: public; Owner: postgres
--

CREATE FUNCTION public.watson_searchentry_trigger_handler() RETURNS trigger
    LANGUAGE plpgsql
    AS $$
            begin
                new.search_tsv :=
                    setweight(to_tsvector('pg_catalog.english', coalesce(new.title, '')), 'A') ||
                    setweight(to_tsvector('pg_catalog.english', coalesce(new.description, '')), 'C') ||
                    setweight(to_tsvector('pg_catalog.english', coalesce(new.content, '')), 'D');
                return new;
            end
            $$;


ALTER FUNCTION public.watson_searchentry_trigger_handler() OWNER TO postgres;

SET default_tablespace = '';

SET default_table_access_method = heap;

--
-- Name: accounts_customuser; Type: TABLE; Schema: public; Owner: postgres
--

CREATE TABLE public.accounts_customuser (
    id bigint NOT NULL,
    password character varying(128) NOT NULL,
    last_login timestamp with time zone,
    is_superuser boolean NOT NULL,
    first_name character varying(150) NOT NULL,
    last_name character varying(150) NOT NULL,
    is_staff boolean NOT NULL,
    is_active boolean NOT NULL,
    date_joined timestamp with time zone NOT NULL,
    email character varying(254) NOT NULL
);


ALTER TABLE public.accounts_customuser OWNER TO postgres;

--
-- Name: accounts_customuser_groups; Type: TABLE; Schema: public; Owner: postgres
--

CREATE TABLE public.accounts_customuser_groups (
    id bigint NOT NULL,
    customuser_id bigint NOT NULL,
    group_id integer NOT NULL
);


ALTER TABLE public.accounts_customuser_groups OWNER TO postgres;

--
-- Name: accounts_customuser_groups_id_seq; Type: SEQUENCE; Schema: public; Owner: postgres
--

ALTER TABLE public.accounts_customuser_groups ALTER COLUMN id ADD GENERATED BY DEFAULT AS IDENTITY (
    SEQUENCE NAME public.accounts_customuser_groups_id_seq
    START WITH 1
    INCREMENT BY 1
    NO MINVALUE
    NO MAXVALUE
    CACHE 1
);


--
-- Name: accounts_customuser_id_seq; Type: SEQUENCE; Schema: public; Owner: postgres
--

ALTER TABLE public.accounts_customuser ALTER COLUMN id ADD GENERATED BY DEFAULT AS IDENTITY (
    SEQUENCE NAME public.accounts_customuser_id_seq
    START WITH 1
    INCREMENT BY 1
    NO MINVALUE
    NO MAXVALUE
    CACHE 1
);


--
-- Name: accounts_customuser_user_permissions; Type: TABLE; Schema: public; Owner: postgres
--

CREATE TABLE public.accounts_customuser_user_permissions (
    id bigint NOT NULL,
    customuser_id bigint NOT NULL,
    permission_id integer NOT NULL
);


ALTER TABLE public.accounts_customuser_user_permissions OWNER TO postgres;

--
-- Name: accounts_customuser_user_permissions_id_seq; Type: SEQUENCE; Schema: public; Owner: postgres
--

ALTER TABLE public.accounts_customuser_user_permissions ALTER COLUMN id ADD GENERATED BY DEFAULT AS IDENTITY (
    SEQUENCE NAME public.accounts_customuser_user_permissions_id_seq
    START WITH 1
    INCREMENT BY 1
    NO MINVALUE
    NO MAXVALUE
    CACHE 1
);


--
-- Name: auth_group; Type: TABLE; Schema: public; Owner: postgres
--

CREATE TABLE public.auth_group (
    id integer NOT NULL,
    name character varying(150) NOT NULL
);


ALTER TABLE public.auth_group OWNER TO postgres;

--
-- Name: auth_group_id_seq; Type: SEQUENCE; Schema: public; Owner: postgres
--

ALTER TABLE public.auth_group ALTER COLUMN id ADD GENERATED BY DEFAULT AS IDENTITY (
    SEQUENCE NAME public.auth_group_id_seq
    START WITH 1
    INCREMENT BY 1
    NO MINVALUE
    NO MAXVALUE
    CACHE 1
);


--
-- Name: auth_group_permissions; Type: TABLE; Schema: public; Owner: postgres
--

CREATE TABLE public.auth_group_permissions (
    id bigint NOT NULL,
    group_id integer NOT NULL,
    permission_id integer NOT NULL
);


ALTER TABLE public.auth_group_permissions OWNER TO postgres;

--
-- Name: auth_group_permissions_id_seq; Type: SEQUENCE; Schema: public; Owner: postgres
--

ALTER TABLE public.auth_group_permissions ALTER COLUMN id ADD GENERATED BY DEFAULT AS IDENTITY (
    SEQUENCE NAME public.auth_group_permissions_id_seq
    START WITH 1
    INCREMENT BY 1
    NO MINVALUE
    NO MAXVALUE
    CACHE 1
);


--
-- Name: auth_permission; Type: TABLE; Schema: public; Owner: postgres
--

CREATE TABLE public.auth_permission (
    id integer NOT NULL,
    name character varying(255) NOT NULL,
    content_type_id integer NOT NULL,
    codename character varying(100) NOT NULL
);


ALTER TABLE public.auth_permission OWNER TO postgres;

--
-- Name: auth_permission_id_seq; Type: SEQUENCE; Schema: public; Owner: postgres
--

ALTER TABLE public.auth_permission ALTER COLUMN id ADD GENERATED BY DEFAULT AS IDENTITY (
    SEQUENCE NAME public.auth_permission_id_seq
    START WITH 1
    INCREMENT BY 1
    NO MINVALUE
    NO MAXVALUE
    CACHE 1
);


--
-- Name: django_admin_log; Type: TABLE; Schema: public; Owner: postgres
--

CREATE TABLE public.django_admin_log (
    id integer NOT NULL,
    action_time timestamp with time zone NOT NULL,
    object_id text,
    object_repr character varying(200) NOT NULL,
    action_flag smallint NOT NULL,
    change_message text NOT NULL,
    content_type_id integer,
    user_id bigint NOT NULL,
    CONSTRAINT django_admin_log_action_flag_check CHECK ((action_flag >= 0))
);


ALTER TABLE public.django_admin_log OWNER TO postgres;

--
-- Name: django_admin_log_id_seq; Type: SEQUENCE; Schema: public; Owner: postgres
--

ALTER TABLE public.django_admin_log ALTER COLUMN id ADD GENERATED BY DEFAULT AS IDENTITY (
    SEQUENCE NAME public.django_admin_log_id_seq
    START WITH 1
    INCREMENT BY 1
    NO MINVALUE
    NO MAXVALUE
    CACHE 1
);


--
-- Name: django_content_type; Type: TABLE; Schema: public; Owner: postgres
--

CREATE TABLE public.django_content_type (
    id integer NOT NULL,
    app_label character varying(100) NOT NULL,
    model character varying(100) NOT NULL
);


ALTER TABLE public.django_content_type OWNER TO postgres;

--
-- Name: django_content_type_id_seq; Type: SEQUENCE; Schema: public; Owner: postgres
--

ALTER TABLE public.django_content_type ALTER COLUMN id ADD GENERATED BY DEFAULT AS IDENTITY (
    SEQUENCE NAME public.django_content_type_id_seq
    START WITH 1
    INCREMENT BY 1
    NO MINVALUE
    NO MAXVALUE
    CACHE 1
);


--
-- Name: django_migrations; Type: TABLE; Schema: public; Owner: postgres
--

CREATE TABLE public.django_migrations (
    id bigint NOT NULL,
    app character varying(255) NOT NULL,
    name character varying(255) NOT NULL,
    applied timestamp with time zone NOT NULL
);


ALTER TABLE public.django_migrations OWNER TO postgres;

--
-- Name: django_migrations_id_seq; Type: SEQUENCE; Schema: public; Owner: postgres
--

ALTER TABLE public.django_migrations ALTER COLUMN id ADD GENERATED BY DEFAULT AS IDENTITY (
    SEQUENCE NAME public.django_migrations_id_seq
    START WITH 1
    INCREMENT BY 1
    NO MINVALUE
    NO MAXVALUE
    CACHE 1
);


--
-- Name: django_session; Type: TABLE; Schema: public; Owner: postgres
--

CREATE TABLE public.django_session (
    session_key character varying(40) NOT NULL,
    session_data text NOT NULL,
    expire_date timestamp with time zone NOT NULL
);


ALTER TABLE public.django_session OWNER TO postgres;

--
-- Name: goods_good; Type: TABLE; Schema: public; Owner: postgres
--

CREATE TABLE public.goods_good (
    id bigint NOT NULL,
    name character varying(255) NOT NULL,
    image character varying(255),
    service_direction integer NOT NULL,
    article character varying(100),
    price integer NOT NULL,
    description text NOT NULL,
    sizes character varying NOT NULL,
    product_care text NOT NULL,
    important text NOT NULL,
    contraindications text NOT NULL,
    slug character varying(255) NOT NULL,
    enabled boolean NOT NULL,
    created_at timestamp with time zone NOT NULL,
    updated_at timestamp with time zone NOT NULL,
    CONSTRAINT goods_good_service_direction_check CHECK ((service_direction >= 0))
);


ALTER TABLE public.goods_good OWNER TO postgres;

--
-- Name: goods_good_id_seq; Type: SEQUENCE; Schema: public; Owner: postgres
--

ALTER TABLE public.goods_good ALTER COLUMN id ADD GENERATED BY DEFAULT AS IDENTITY (
    SEQUENCE NAME public.goods_good_id_seq
    START WITH 1
    INCREMENT BY 1
    NO MINVALUE
    NO MAXVALUE
    CACHE 1
);


--
-- Name: images; Type: TABLE; Schema: public; Owner: postgres
--

CREATE TABLE public.images (
    id uuid NOT NULL,
    original_filename character varying(255) NOT NULL,
    image character varying(100) NOT NULL,
    cropped_image character varying(100),
    file_size integer NOT NULL,
    width integer NOT NULL,
    height integer NOT NULL,
    created_at timestamp with time zone NOT NULL,
    updated_at timestamp with time zone NOT NULL,
    CONSTRAINT images_file_size_check CHECK ((file_size >= 0)),
    CONSTRAINT images_height_check CHECK ((height >= 0)),
    CONSTRAINT images_width_check CHECK ((width >= 0))
);


ALTER TABLE public.images OWNER TO postgres;

--
-- Name: job_titles; Type: TABLE; Schema: public; Owner: postgres
--

CREATE TABLE public.job_titles (
    id bigint NOT NULL,
    name character varying(255) NOT NULL
);


ALTER TABLE public.job_titles OWNER TO postgres;

--
-- Name: job_titles_id_seq; Type: SEQUENCE; Schema: public; Owner: postgres
--

ALTER TABLE public.job_titles ALTER COLUMN id ADD GENERATED BY DEFAULT AS IDENTITY (
    SEQUENCE NAME public.job_titles_id_seq
    START WITH 1
    INCREMENT BY 1
    NO MINVALUE
    NO MAXVALUE
    CACHE 1
);


--
-- Name: news_news; Type: TABLE; Schema: public; Owner: postgres
--

CREATE TABLE public.news_news (
    id bigint NOT NULL,
    title character varying(255) NOT NULL,
    text text NOT NULL,
    image character varying(255),
    time_to_read integer,
    service_direction integer,
    slug character varying(255) NOT NULL,
    enabled boolean NOT NULL,
    created_at timestamp with time zone NOT NULL,
    updated_at timestamp with time zone NOT NULL,
    CONSTRAINT news_news_service_direction_check CHECK ((service_direction >= 0)),
    CONSTRAINT news_news_time_to_read_check CHECK ((time_to_read >= 0))
);


ALTER TABLE public.news_news OWNER TO postgres;

--
-- Name: news_news_id_seq; Type: SEQUENCE; Schema: public; Owner: postgres
--

ALTER TABLE public.news_news ALTER COLUMN id ADD GENERATED BY DEFAULT AS IDENTITY (
    SEQUENCE NAME public.news_news_id_seq
    START WITH 1
    INCREMENT BY 1
    NO MINVALUE
    NO MAXVALUE
    CACHE 1
);


--
-- Name: requests_request; Type: TABLE; Schema: public; Owner: postgres
--

CREATE TABLE public.requests_request (
    id bigint NOT NULL,
    name character varying(255) NOT NULL,
    email character varying(254) NOT NULL,
    phone character varying(20) NOT NULL,
    is_service boolean NOT NULL,
    is_goods boolean NOT NULL,
    is_analysis boolean NOT NULL,
    service_name character varying(255) NOT NULL,
    service_direction character varying(255) NOT NULL,
    service_type character varying(255) NOT NULL,
    additional_info jsonb NOT NULL,
    description text NOT NULL,
    created_at timestamp with time zone NOT NULL,
    is_new boolean NOT NULL,
    specialist_id bigint
);


ALTER TABLE public.requests_request OWNER TO postgres;

--
-- Name: requests_request_id_seq; Type: SEQUENCE; Schema: public; Owner: postgres
--

ALTER TABLE public.requests_request ALTER COLUMN id ADD GENERATED BY DEFAULT AS IDENTITY (
    SEQUENCE NAME public.requests_request_id_seq
    START WITH 1
    INCREMENT BY 1
    NO MINVALUE
    NO MAXVALUE
    CACHE 1
);


--
-- Name: service_directions_servicedirection; Type: TABLE; Schema: public; Owner: postgres
--

CREATE TABLE public.service_directions_servicedirection (
    id bigint NOT NULL,
    name character varying(255) NOT NULL,
    types jsonb NOT NULL,
    questions_answers jsonb NOT NULL,
    created_at timestamp with time zone NOT NULL,
    updated_at timestamp with time zone NOT NULL,
    slug character varying(255) NOT NULL
);


ALTER TABLE public.service_directions_servicedirection OWNER TO postgres;

--
-- Name: service_directions_servicedirection_id_seq; Type: SEQUENCE; Schema: public; Owner: postgres
--

ALTER TABLE public.service_directions_servicedirection ALTER COLUMN id ADD GENERATED BY DEFAULT AS IDENTITY (
    SEQUENCE NAME public.service_directions_servicedirection_id_seq
    START WITH 1
    INCREMENT BY 1
    NO MINVALUE
    NO MAXVALUE
    CACHE 1
);


--
-- Name: service_types; Type: TABLE; Schema: public; Owner: postgres
--

CREATE TABLE public.service_types (
    id bigint NOT NULL,
    name character varying(255) NOT NULL
);


ALTER TABLE public.service_types OWNER TO postgres;

--
-- Name: service_types_id_seq; Type: SEQUENCE; Schema: public; Owner: postgres
--

ALTER TABLE public.service_types ALTER COLUMN id ADD GENERATED BY DEFAULT AS IDENTITY (
    SEQUENCE NAME public.service_types_id_seq
    START WITH 1
    INCREMENT BY 1
    NO MINVALUE
    NO MAXVALUE
    CACHE 1
);


--
-- Name: services_service; Type: TABLE; Schema: public; Owner: postgres
--

CREATE TABLE public.services_service (
    id bigint NOT NULL,
    name character varying(255) NOT NULL,
    price integer,
    main_image character varying(255) NOT NULL,
    procedure_number integer NOT NULL,
    procedure_duration character varying(100),
    rehab_duration character varying(100),
    description text,
    service_direction integer,
    service_type integer,
    job_titles jsonb NOT NULL,
    readings text,
    contraindications text,
    devices text,
    need_to_have text,
    images jsonb NOT NULL,
    serts jsonb NOT NULL,
    enabled boolean NOT NULL,
    is_popular boolean NOT NULL,
    slug character varying(255) NOT NULL,
    created_at timestamp with time zone NOT NULL
);


ALTER TABLE public.services_service OWNER TO postgres;

--
-- Name: services_service_id_seq; Type: SEQUENCE; Schema: public; Owner: postgres
--

ALTER TABLE public.services_service ALTER COLUMN id ADD GENERATED BY DEFAULT AS IDENTITY (
    SEQUENCE NAME public.services_service_id_seq
    START WITH 1
    INCREMENT BY 1
    NO MINVALUE
    NO MAXVALUE
    CACHE 1
);


--
-- Name: specialists_specialist; Type: TABLE; Schema: public; Owner: postgres
--

CREATE TABLE public.specialists_specialist (
    id bigint NOT NULL,
    name character varying(255) NOT NULL,
    image character varying(255) NOT NULL,
    directions jsonb NOT NULL,
    titles jsonb NOT NULL,
    is_reliable boolean NOT NULL,
    degree character varying(255),
    biography text,
    serts jsonb NOT NULL,
    experience integer
);


ALTER TABLE public.specialists_specialist OWNER TO postgres;

--
-- Name: specialists_specialist_id_seq; Type: SEQUENCE; Schema: public; Owner: postgres
--

ALTER TABLE public.specialists_specialist ALTER COLUMN id ADD GENERATED BY DEFAULT AS IDENTITY (
    SEQUENCE NAME public.specialists_specialist_id_seq
    START WITH 1
    INCREMENT BY 1
    NO MINVALUE
    NO MAXVALUE
    CACHE 1
);


--
-- Name: tests_test; Type: TABLE; Schema: public; Owner: postgres
--

CREATE TABLE public.tests_test (
    id bigint NOT NULL,
    name character varying(255) NOT NULL,
    service_direction integer NOT NULL,
    price integer NOT NULL,
    nomenclature character varying(255) NOT NULL,
    method character varying(255) NOT NULL,
    "time" character varying(255) NOT NULL,
    characteristic text NOT NULL,
    rules text NOT NULL,
    readings text NOT NULL,
    contraindications text NOT NULL,
    depends_to character varying NOT NULL,
    enabled boolean NOT NULL,
    slug character varying(255) NOT NULL,
    created_at timestamp with time zone NOT NULL,
    updated_at timestamp with time zone NOT NULL,
    CONSTRAINT tests_test_service_direction_check CHECK ((service_direction >= 0))
);


ALTER TABLE public.tests_test OWNER TO postgres;

--
-- Name: tests_test_id_seq; Type: SEQUENCE; Schema: public; Owner: postgres
--

ALTER TABLE public.tests_test ALTER COLUMN id ADD GENERATED BY DEFAULT AS IDENTITY (
    SEQUENCE NAME public.tests_test_id_seq
    START WITH 1
    INCREMENT BY 1
    NO MINVALUE
    NO MAXVALUE
    CACHE 1
);


--
-- Name: token_blacklist_blacklistedtoken; Type: TABLE; Schema: public; Owner: postgres
--

CREATE TABLE public.token_blacklist_blacklistedtoken (
    id bigint NOT NULL,
    blacklisted_at timestamp with time zone NOT NULL,
    token_id bigint NOT NULL
);


ALTER TABLE public.token_blacklist_blacklistedtoken OWNER TO postgres;

--
-- Name: token_blacklist_blacklistedtoken_id_seq; Type: SEQUENCE; Schema: public; Owner: postgres
--

ALTER TABLE public.token_blacklist_blacklistedtoken ALTER COLUMN id ADD GENERATED BY DEFAULT AS IDENTITY (
    SEQUENCE NAME public.token_blacklist_blacklistedtoken_id_seq
    START WITH 1
    INCREMENT BY 1
    NO MINVALUE
    NO MAXVALUE
    CACHE 1
);


--
-- Name: token_blacklist_outstandingtoken; Type: TABLE; Schema: public; Owner: postgres
--

CREATE TABLE public.token_blacklist_outstandingtoken (
    id bigint NOT NULL,
    token text NOT NULL,
    created_at timestamp with time zone,
    expires_at timestamp with time zone NOT NULL,
    user_id bigint,
    jti character varying(255) NOT NULL
);


ALTER TABLE public.token_blacklist_outstandingtoken OWNER TO postgres;

--
-- Name: token_blacklist_outstandingtoken_id_seq; Type: SEQUENCE; Schema: public; Owner: postgres
--

ALTER TABLE public.token_blacklist_outstandingtoken ALTER COLUMN id ADD GENERATED BY DEFAULT AS IDENTITY (
    SEQUENCE NAME public.token_blacklist_outstandingtoken_id_seq
    START WITH 1
    INCREMENT BY 1
    NO MINVALUE
    NO MAXVALUE
    CACHE 1
);


--
-- Name: watson_searchentry; Type: TABLE; Schema: public; Owner: postgres
--

CREATE TABLE public.watson_searchentry (
    id integer NOT NULL,
    engine_slug character varying(200) NOT NULL,
    object_id character varying(191) NOT NULL,
    object_id_int integer,
    title character varying(1000) NOT NULL,
    description text NOT NULL,
    content text NOT NULL,
    url character varying(1000) NOT NULL,
    meta_encoded text NOT NULL,
    content_type_id integer NOT NULL,
    search_tsv tsvector NOT NULL
);


ALTER TABLE public.watson_searchentry OWNER TO postgres;

--
-- Name: watson_searchentry_id_seq; Type: SEQUENCE; Schema: public; Owner: postgres
--

ALTER TABLE public.watson_searchentry ALTER COLUMN id ADD GENERATED BY DEFAULT AS IDENTITY (
    SEQUENCE NAME public.watson_searchentry_id_seq
    START WITH 1
    INCREMENT BY 1
    NO MINVALUE
    NO MAXVALUE
    CACHE 1
);


--
-- Name: 18529; Type: BLOB; Schema: -; Owner: postgres
--

SELECT pg_catalog.lo_create('18529');


ALTER LARGE OBJECT 18529 OWNER TO postgres;

--
-- Data for Name: accounts_customuser; Type: TABLE DATA; Schema: public; Owner: postgres
--

COPY public.accounts_customuser (id, password, last_login, is_superuser, first_name, last_name, is_staff, is_active, date_joined, email) FROM stdin;
\.


--
-- Data for Name: accounts_customuser_groups; Type: TABLE DATA; Schema: public; Owner: postgres
--

COPY public.accounts_customuser_groups (id, customuser_id, group_id) FROM stdin;
\.


--
-- Data for Name: accounts_customuser_user_permissions; Type: TABLE DATA; Schema: public; Owner: postgres
--

COPY public.accounts_customuser_user_permissions (id, customuser_id, permission_id) FROM stdin;
\.


--
-- Data for Name: auth_group; Type: TABLE DATA; Schema: public; Owner: postgres
--

COPY public.auth_group (id, name) FROM stdin;
\.


--
-- Data for Name: auth_group_permissions; Type: TABLE DATA; Schema: public; Owner: postgres
--

COPY public.auth_group_permissions (id, group_id, permission_id) FROM stdin;
\.


--
-- Data for Name: auth_permission; Type: TABLE DATA; Schema: public; Owner: postgres
--

COPY public.auth_permission (id, name, content_type_id, codename) FROM stdin;
1	Can add log entry	1	add_logentry
2	Can change log entry	1	change_logentry
3	Can delete log entry	1	delete_logentry
4	Can view log entry	1	view_logentry
5	Can add permission	2	add_permission
6	Can change permission	2	change_permission
7	Can delete permission	2	delete_permission
8	Can view permission	2	view_permission
9	Can add group	3	add_group
10	Can change group	3	change_group
11	Can delete group	3	delete_group
12	Can view group	3	view_group
13	Can add content type	4	add_contenttype
14	Can change content type	4	change_contenttype
15	Can delete content type	4	delete_contenttype
16	Can view content type	4	view_contenttype
17	Can add session	5	add_session
18	Can change session	5	change_session
19	Can delete session	5	delete_session
20	Can view session	5	view_session
21	Can add blacklisted token	6	add_blacklistedtoken
22	Can change blacklisted token	6	change_blacklistedtoken
23	Can delete blacklisted token	6	delete_blacklistedtoken
24	Can view blacklisted token	6	view_blacklistedtoken
25	Can add outstanding token	7	add_outstandingtoken
26	Can change outstanding token	7	change_outstandingtoken
27	Can delete outstanding token	7	delete_outstandingtoken
28	Can view outstanding token	7	view_outstandingtoken
29	Can add search entry	8	add_searchentry
30	Can change search entry	8	change_searchentry
31	Can delete search entry	8	delete_searchentry
32	Can view search entry	8	view_searchentry
33	Can add user	9	add_customuser
34	Can change user	9	change_customuser
35	Can delete user	9	delete_customuser
36	Can view user	9	view_customuser
37	Can add Специалист	10	add_specialist
38	Can change Специалист	10	change_specialist
39	Can delete Специалист	10	delete_specialist
40	Can view Специалист	10	view_specialist
41	Can add service	11	add_service
42	Can change service	11	change_service
43	Can delete service	11	delete_service
44	Can view service	11	view_service
45	Can add Service Direction	12	add_servicedirection
46	Can change Service Direction	12	change_servicedirection
47	Can delete Service Direction	12	delete_servicedirection
48	Can view Service Direction	12	view_servicedirection
49	Can add Image	13	add_imagemodel
50	Can change Image	13	change_imagemodel
51	Can delete Image	13	delete_imagemodel
52	Can view Image	13	view_imagemodel
53	Can add Должность	14	add_jobtitle
54	Can change Должность	14	change_jobtitle
55	Can delete Должность	14	delete_jobtitle
56	Can view Должность	14	view_jobtitle
57	Can add Тип услуги	15	add_servicetype
58	Can change Тип услуги	15	change_servicetype
59	Can delete Тип услуги	15	delete_servicetype
60	Can view Тип услуги	15	view_servicetype
61	Can add Заявка	16	add_request
62	Can change Заявка	16	change_request
63	Can delete Заявка	16	delete_request
64	Can view Заявка	16	view_request
65	Can add Анализ	17	add_test
66	Can change Анализ	17	change_test
67	Can delete Анализ	17	delete_test
68	Can view Анализ	17	view_test
69	Can add Товар	18	add_good
70	Can change Товар	18	change_good
71	Can delete Товар	18	delete_good
72	Can view Товар	18	view_good
73	Can add Статья	19	add_news
74	Can change Статья	19	change_news
75	Can delete Статья	19	delete_news
76	Can view Статья	19	view_news
\.


--
-- Data for Name: django_admin_log; Type: TABLE DATA; Schema: public; Owner: postgres
--

COPY public.django_admin_log (id, action_time, object_id, object_repr, action_flag, change_message, content_type_id, user_id) FROM stdin;
\.


--
-- Data for Name: django_content_type; Type: TABLE DATA; Schema: public; Owner: postgres
--

COPY public.django_content_type (id, app_label, model) FROM stdin;
1	admin	logentry
2	auth	permission
3	auth	group
4	contenttypes	contenttype
5	sessions	session
6	token_blacklist	blacklistedtoken
7	token_blacklist	outstandingtoken
8	watson	searchentry
9	accounts	customuser
10	specialists	specialist
11	services	service
12	service_directions	servicedirection
13	images	imagemodel
14	job_titles	jobtitle
15	service_types	servicetype
16	requests	request
17	tests	test
18	goods	good
19	news	news
\.


--
-- Data for Name: django_migrations; Type: TABLE DATA; Schema: public; Owner: postgres
--

COPY public.django_migrations (id, app, name, applied) FROM stdin;
1	contenttypes	0001_initial	2025-07-01 09:26:08.978075+00
2	contenttypes	0002_remove_content_type_name	2025-07-01 09:26:09.016931+00
3	auth	0001_initial	2025-07-01 09:26:09.173399+00
4	auth	0002_alter_permission_name_max_length	2025-07-01 09:26:09.202095+00
5	auth	0003_alter_user_email_max_length	2025-07-01 09:26:09.233259+00
6	auth	0004_alter_user_username_opts	2025-07-01 09:26:09.270569+00
7	auth	0005_alter_user_last_login_null	2025-07-01 09:26:09.302327+00
8	auth	0006_require_contenttypes_0002	2025-07-01 09:26:09.314229+00
9	auth	0007_alter_validators_add_error_messages	2025-07-01 09:26:09.345101+00
10	auth	0008_alter_user_username_max_length	2025-07-01 09:26:09.391095+00
11	auth	0009_alter_user_last_name_max_length	2025-07-01 09:26:09.437161+00
12	auth	0010_alter_group_name_max_length	2025-07-01 09:26:09.467743+00
13	auth	0011_update_proxy_permissions	2025-07-01 09:26:09.494788+00
14	auth	0012_alter_user_first_name_max_length	2025-07-01 09:26:09.526833+00
15	accounts	0001_initial	2025-07-01 09:26:09.677793+00
16	admin	0001_initial	2025-07-01 09:26:09.78268+00
17	admin	0002_logentry_remove_auto_add	2025-07-01 09:26:09.818333+00
18	admin	0003_logentry_add_action_flag_choices	2025-07-01 09:26:09.867308+00
19	goods	0001_initial	2025-07-01 09:26:09.926178+00
20	goods	0002_alter_good_price	2025-07-01 09:26:09.961263+00
21	goods	0003_alter_good_sizes	2025-07-01 09:26:09.993717+00
22	goods	0004_alter_good_article	2025-07-01 09:26:10.013706+00
23	images	0001_initial	2025-07-01 09:26:10.032624+00
24	job_titles	0001_initial	2025-07-01 09:26:10.054402+00
25	news	0001_initial	2025-07-01 09:26:10.109357+00
26	specialists	0001_initial	2025-07-01 09:26:10.133419+00
27	specialists	0002_remove_specialist_experience	2025-07-01 09:26:10.150007+00
28	requests	0001_initial	2025-07-01 09:26:10.208303+00
29	requests	0002_alter_request_email_alter_request_phone	2025-07-01 09:26:10.250824+00
30	service_directions	0001_initial	2025-07-01 09:26:10.293724+00
31	service_directions	0002_servicedirection_slug	2025-07-01 09:26:10.329793+00
32	service_types	0001_initial	2025-07-01 09:26:10.352153+00
33	service_types	0002_add_default_service_types	2025-07-01 09:26:10.670106+00
34	services	0001_initial	2025-07-01 09:26:10.730139+00
35	services	0002_rename_specialists_service_job_titles_and_more	2025-07-01 09:26:10.794985+00
36	sessions	0001_initial	2025-07-01 09:26:10.83465+00
37	specialists	0003_specialist_experience	2025-07-01 09:26:10.861907+00
38	specialists	0004_remove_specialist_education	2025-07-01 09:26:10.894543+00
39	specialists	0005_alter_specialist_options_alter_specialist_biography_and_more	2025-07-01 09:26:11.098623+00
40	tests	0001_initial	2025-07-01 09:26:11.145037+00
41	tests	0002_alter_test_price	2025-07-01 09:26:11.170983+00
42	tests	0002_alter_test_depends_to_alter_test_price_and_more	2025-07-01 09:26:11.219155+00
43	tests	0003_merge_20250606_2045	2025-07-01 09:26:11.221559+00
44	token_blacklist	0001_initial	2025-07-01 09:26:11.405116+00
45	token_blacklist	0002_outstandingtoken_jti_hex	2025-07-01 09:26:11.456026+00
46	token_blacklist	0003_auto_20171017_2007	2025-07-01 09:26:11.597212+00
47	token_blacklist	0004_auto_20171017_2013	2025-07-01 09:26:11.668192+00
48	token_blacklist	0005_remove_outstandingtoken_jti	2025-07-01 09:26:11.744982+00
49	token_blacklist	0006_auto_20171017_2113	2025-07-01 09:26:11.806774+00
50	token_blacklist	0007_auto_20171017_2214	2025-07-01 09:26:11.998511+00
51	token_blacklist	0008_migrate_to_bigautofield	2025-07-01 09:26:12.170596+00
52	token_blacklist	0010_fix_migrate_to_bigautofield	2025-07-01 09:26:12.243172+00
53	token_blacklist	0011_linearizes_history	2025-07-01 09:26:12.255149+00
54	token_blacklist	0012_alter_outstandingtoken_user	2025-07-01 09:26:12.309312+00
55	watson	0001_initial	2025-07-01 09:26:12.645183+00
56	watson	0002_alter_searchentry_object_id	2025-07-01 09:26:12.701831+00
\.


--
-- Data for Name: django_session; Type: TABLE DATA; Schema: public; Owner: postgres
--

COPY public.django_session (session_key, session_data, expire_date) FROM stdin;
\.


--
-- Data for Name: goods_good; Type: TABLE DATA; Schema: public; Owner: postgres
--

COPY public.goods_good (id, name, image, service_direction, article, price, description, sizes, product_care, important, contraindications, slug, enabled, created_at, updated_at) FROM stdin;
\.


--
-- Data for Name: images; Type: TABLE DATA; Schema: public; Owner: postgres
--

COPY public.images (id, original_filename, image, cropped_image, file_size, width, height, created_at, updated_at) FROM stdin;
\.


--
-- Data for Name: job_titles; Type: TABLE DATA; Schema: public; Owner: postgres
--

COPY public.job_titles (id, name) FROM stdin;
\.


--
-- Data for Name: news_news; Type: TABLE DATA; Schema: public; Owner: postgres
--

COPY public.news_news (id, title, text, image, time_to_read, service_direction, slug, enabled, created_at, updated_at) FROM stdin;
\.


--
-- Data for Name: requests_request; Type: TABLE DATA; Schema: public; Owner: postgres
--

COPY public.requests_request (id, name, email, phone, is_service, is_goods, is_analysis, service_name, service_direction, service_type, additional_info, description, created_at, is_new, specialist_id) FROM stdin;
\.


--
-- Data for Name: service_directions_servicedirection; Type: TABLE DATA; Schema: public; Owner: postgres
--

COPY public.service_directions_servicedirection (id, name, types, questions_answers, created_at, updated_at, slug) FROM stdin;
\.


--
-- Data for Name: service_types; Type: TABLE DATA; Schema: public; Owner: postgres
--

COPY public.service_types (id, name) FROM stdin;
1	Флебология
2	Лазерная облитерация изолированных вариксов
3	Лечение сосудистых звездочек
4	Лечение "глубоких вен" лазером
5	Приём флеболога
6	Лимфология
7	Мануальное дренирование
8	Бандажирование
9	Комплексное лечение
10	Гинекология
11	БОС терапия
12	Урогинекология
13	Гинекологический профиль
14	Сексология
15	ЛФК
16	Косметология
17	Аппаратная коррекция фигуры
18	Аппаратная косметология для рук
19	Аппаратная чистка лица
20	Лазерная эпиляция
21	Эпиляция зоны бикини
22	Эпиляция зоны тела
23	Эпиляция зоны ног
24	Эпиляция зоны рук
25	Эпиляция зоны лица и шеи
\.


--
-- Data for Name: services_service; Type: TABLE DATA; Schema: public; Owner: postgres
--

COPY public.services_service (id, name, price, main_image, procedure_number, procedure_duration, rehab_duration, description, service_direction, service_type, job_titles, readings, contraindications, devices, need_to_have, images, serts, enabled, is_popular, slug, created_at) FROM stdin;
\.


--
-- Data for Name: specialists_specialist; Type: TABLE DATA; Schema: public; Owner: postgres
--

COPY public.specialists_specialist (id, name, image, directions, titles, is_reliable, degree, biography, serts, experience) FROM stdin;
\.


--
-- Data for Name: tests_test; Type: TABLE DATA; Schema: public; Owner: postgres
--

COPY public.tests_test (id, name, service_direction, price, nomenclature, method, "time", characteristic, rules, readings, contraindications, depends_to, enabled, slug, created_at, updated_at) FROM stdin;
\.


--
-- Data for Name: token_blacklist_blacklistedtoken; Type: TABLE DATA; Schema: public; Owner: postgres
--

COPY public.token_blacklist_blacklistedtoken (id, blacklisted_at, token_id) FROM stdin;
\.


--
-- Data for Name: token_blacklist_outstandingtoken; Type: TABLE DATA; Schema: public; Owner: postgres
--

COPY public.token_blacklist_outstandingtoken (id, token, created_at, expires_at, user_id, jti) FROM stdin;
\.


--
-- Data for Name: watson_searchentry; Type: TABLE DATA; Schema: public; Owner: postgres
--

COPY public.watson_searchentry (id, engine_slug, object_id, object_id_int, title, description, content, url, meta_encoded, content_type_id, search_tsv) FROM stdin;
\.


--
-- Name: accounts_customuser_groups_id_seq; Type: SEQUENCE SET; Schema: public; Owner: postgres
--

SELECT pg_catalog.setval('public.accounts_customuser_groups_id_seq', 1, false);


--
-- Name: accounts_customuser_id_seq; Type: SEQUENCE SET; Schema: public; Owner: postgres
--

SELECT pg_catalog.setval('public.accounts_customuser_id_seq', 1, false);


--
-- Name: accounts_customuser_user_permissions_id_seq; Type: SEQUENCE SET; Schema: public; Owner: postgres
--

SELECT pg_catalog.setval('public.accounts_customuser_user_permissions_id_seq', 1, false);


--
-- Name: auth_group_id_seq; Type: SEQUENCE SET; Schema: public; Owner: postgres
--

SELECT pg_catalog.setval('public.auth_group_id_seq', 1, false);


--
-- Name: auth_group_permissions_id_seq; Type: SEQUENCE SET; Schema: public; Owner: postgres
--

SELECT pg_catalog.setval('public.auth_group_permissions_id_seq', 1, false);


--
-- Name: auth_permission_id_seq; Type: SEQUENCE SET; Schema: public; Owner: postgres
--

SELECT pg_catalog.setval('public.auth_permission_id_seq', 76, true);


--
-- Name: django_admin_log_id_seq; Type: SEQUENCE SET; Schema: public; Owner: postgres
--

SELECT pg_catalog.setval('public.django_admin_log_id_seq', 1, false);


--
-- Name: django_content_type_id_seq; Type: SEQUENCE SET; Schema: public; Owner: postgres
--

SELECT pg_catalog.setval('public.django_content_type_id_seq', 19, true);


--
-- Name: django_migrations_id_seq; Type: SEQUENCE SET; Schema: public; Owner: postgres
--

SELECT pg_catalog.setval('public.django_migrations_id_seq', 56, true);


--
-- Name: goods_good_id_seq; Type: SEQUENCE SET; Schema: public; Owner: postgres
--

SELECT pg_catalog.setval('public.goods_good_id_seq', 1, false);


--
-- Name: job_titles_id_seq; Type: SEQUENCE SET; Schema: public; Owner: postgres
--

SELECT pg_catalog.setval('public.job_titles_id_seq', 1, false);


--
-- Name: news_news_id_seq; Type: SEQUENCE SET; Schema: public; Owner: postgres
--

SELECT pg_catalog.setval('public.news_news_id_seq', 1, false);


--
-- Name: requests_request_id_seq; Type: SEQUENCE SET; Schema: public; Owner: postgres
--

SELECT pg_catalog.setval('public.requests_request_id_seq', 1, false);


--
-- Name: service_directions_servicedirection_id_seq; Type: SEQUENCE SET; Schema: public; Owner: postgres
--

SELECT pg_catalog.setval('public.service_directions_servicedirection_id_seq', 1, false);


--
-- Name: service_types_id_seq; Type: SEQUENCE SET; Schema: public; Owner: postgres
--

SELECT pg_catalog.setval('public.service_types_id_seq', 25, true);


--
-- Name: services_service_id_seq; Type: SEQUENCE SET; Schema: public; Owner: postgres
--

SELECT pg_catalog.setval('public.services_service_id_seq', 1, false);


--
-- Name: specialists_specialist_id_seq; Type: SEQUENCE SET; Schema: public; Owner: postgres
--

SELECT pg_catalog.setval('public.specialists_specialist_id_seq', 1, false);


--
-- Name: tests_test_id_seq; Type: SEQUENCE SET; Schema: public; Owner: postgres
--

SELECT pg_catalog.setval('public.tests_test_id_seq', 1, false);


--
-- Name: token_blacklist_blacklistedtoken_id_seq; Type: SEQUENCE SET; Schema: public; Owner: postgres
--

SELECT pg_catalog.setval('public.token_blacklist_blacklistedtoken_id_seq', 1, false);


--
-- Name: token_blacklist_outstandingtoken_id_seq; Type: SEQUENCE SET; Schema: public; Owner: postgres
--

SELECT pg_catalog.setval('public.token_blacklist_outstandingtoken_id_seq', 1, false);


--
-- Name: watson_searchentry_id_seq; Type: SEQUENCE SET; Schema: public; Owner: postgres
--

SELECT pg_catalog.setval('public.watson_searchentry_id_seq', 1, false);


--
-- Data for Name: BLOBS; Type: BLOBS; Schema: -; Owner: -
--

BEGIN;

SELECT pg_catalog.lo_open('18529', 131072);
SELECT pg_catalog.lo_close(0);

COMMIT;

--
-- Name: accounts_customuser accounts_customuser_email_key; Type: CONSTRAINT; Schema: public; Owner: postgres
--

ALTER TABLE ONLY public.accounts_customuser
    ADD CONSTRAINT accounts_customuser_email_key UNIQUE (email);


--
-- Name: accounts_customuser_groups accounts_customuser_groups_customuser_id_group_id_c074bdcb_uniq; Type: CONSTRAINT; Schema: public; Owner: postgres
--

ALTER TABLE ONLY public.accounts_customuser_groups
    ADD CONSTRAINT accounts_customuser_groups_customuser_id_group_id_c074bdcb_uniq UNIQUE (customuser_id, group_id);


--
-- Name: accounts_customuser_groups accounts_customuser_groups_pkey; Type: CONSTRAINT; Schema: public; Owner: postgres
--

ALTER TABLE ONLY public.accounts_customuser_groups
    ADD CONSTRAINT accounts_customuser_groups_pkey PRIMARY KEY (id);


--
-- Name: accounts_customuser accounts_customuser_pkey; Type: CONSTRAINT; Schema: public; Owner: postgres
--

ALTER TABLE ONLY public.accounts_customuser
    ADD CONSTRAINT accounts_customuser_pkey PRIMARY KEY (id);


--
-- Name: accounts_customuser_user_permissions accounts_customuser_user_customuser_id_permission_9632a709_uniq; Type: CONSTRAINT; Schema: public; Owner: postgres
--

ALTER TABLE ONLY public.accounts_customuser_user_permissions
    ADD CONSTRAINT accounts_customuser_user_customuser_id_permission_9632a709_uniq UNIQUE (customuser_id, permission_id);


--
-- Name: accounts_customuser_user_permissions accounts_customuser_user_permissions_pkey; Type: CONSTRAINT; Schema: public; Owner: postgres
--

ALTER TABLE ONLY public.accounts_customuser_user_permissions
    ADD CONSTRAINT accounts_customuser_user_permissions_pkey PRIMARY KEY (id);


--
-- Name: auth_group auth_group_name_key; Type: CONSTRAINT; Schema: public; Owner: postgres
--

ALTER TABLE ONLY public.auth_group
    ADD CONSTRAINT auth_group_name_key UNIQUE (name);


--
-- Name: auth_group_permissions auth_group_permissions_group_id_permission_id_0cd325b0_uniq; Type: CONSTRAINT; Schema: public; Owner: postgres
--

ALTER TABLE ONLY public.auth_group_permissions
    ADD CONSTRAINT auth_group_permissions_group_id_permission_id_0cd325b0_uniq UNIQUE (group_id, permission_id);


--
-- Name: auth_group_permissions auth_group_permissions_pkey; Type: CONSTRAINT; Schema: public; Owner: postgres
--

ALTER TABLE ONLY public.auth_group_permissions
    ADD CONSTRAINT auth_group_permissions_pkey PRIMARY KEY (id);


--
-- Name: auth_group auth_group_pkey; Type: CONSTRAINT; Schema: public; Owner: postgres
--

ALTER TABLE ONLY public.auth_group
    ADD CONSTRAINT auth_group_pkey PRIMARY KEY (id);


--
-- Name: auth_permission auth_permission_content_type_id_codename_01ab375a_uniq; Type: CONSTRAINT; Schema: public; Owner: postgres
--

ALTER TABLE ONLY public.auth_permission
    ADD CONSTRAINT auth_permission_content_type_id_codename_01ab375a_uniq UNIQUE (content_type_id, codename);


--
-- Name: auth_permission auth_permission_pkey; Type: CONSTRAINT; Schema: public; Owner: postgres
--

ALTER TABLE ONLY public.auth_permission
    ADD CONSTRAINT auth_permission_pkey PRIMARY KEY (id);


--
-- Name: django_admin_log django_admin_log_pkey; Type: CONSTRAINT; Schema: public; Owner: postgres
--

ALTER TABLE ONLY public.django_admin_log
    ADD CONSTRAINT django_admin_log_pkey PRIMARY KEY (id);


--
-- Name: django_content_type django_content_type_app_label_model_76bd3d3b_uniq; Type: CONSTRAINT; Schema: public; Owner: postgres
--

ALTER TABLE ONLY public.django_content_type
    ADD CONSTRAINT django_content_type_app_label_model_76bd3d3b_uniq UNIQUE (app_label, model);


--
-- Name: django_content_type django_content_type_pkey; Type: CONSTRAINT; Schema: public; Owner: postgres
--

ALTER TABLE ONLY public.django_content_type
    ADD CONSTRAINT django_content_type_pkey PRIMARY KEY (id);


--
-- Name: django_migrations django_migrations_pkey; Type: CONSTRAINT; Schema: public; Owner: postgres
--

ALTER TABLE ONLY public.django_migrations
    ADD CONSTRAINT django_migrations_pkey PRIMARY KEY (id);


--
-- Name: django_session django_session_pkey; Type: CONSTRAINT; Schema: public; Owner: postgres
--

ALTER TABLE ONLY public.django_session
    ADD CONSTRAINT django_session_pkey PRIMARY KEY (session_key);


--
-- Name: goods_good goods_good_pkey; Type: CONSTRAINT; Schema: public; Owner: postgres
--

ALTER TABLE ONLY public.goods_good
    ADD CONSTRAINT goods_good_pkey PRIMARY KEY (id);


--
-- Name: goods_good goods_good_slug_key; Type: CONSTRAINT; Schema: public; Owner: postgres
--

ALTER TABLE ONLY public.goods_good
    ADD CONSTRAINT goods_good_slug_key UNIQUE (slug);


--
-- Name: images images_pkey; Type: CONSTRAINT; Schema: public; Owner: postgres
--

ALTER TABLE ONLY public.images
    ADD CONSTRAINT images_pkey PRIMARY KEY (id);


--
-- Name: job_titles job_titles_name_key; Type: CONSTRAINT; Schema: public; Owner: postgres
--

ALTER TABLE ONLY public.job_titles
    ADD CONSTRAINT job_titles_name_key UNIQUE (name);


--
-- Name: job_titles job_titles_pkey; Type: CONSTRAINT; Schema: public; Owner: postgres
--

ALTER TABLE ONLY public.job_titles
    ADD CONSTRAINT job_titles_pkey PRIMARY KEY (id);


--
-- Name: news_news news_news_pkey; Type: CONSTRAINT; Schema: public; Owner: postgres
--

ALTER TABLE ONLY public.news_news
    ADD CONSTRAINT news_news_pkey PRIMARY KEY (id);


--
-- Name: news_news news_news_slug_key; Type: CONSTRAINT; Schema: public; Owner: postgres
--

ALTER TABLE ONLY public.news_news
    ADD CONSTRAINT news_news_slug_key UNIQUE (slug);


--
-- Name: requests_request requests_request_pkey; Type: CONSTRAINT; Schema: public; Owner: postgres
--

ALTER TABLE ONLY public.requests_request
    ADD CONSTRAINT requests_request_pkey PRIMARY KEY (id);


--
-- Name: service_directions_servicedirection service_directions_servicedirection_pkey; Type: CONSTRAINT; Schema: public; Owner: postgres
--

ALTER TABLE ONLY public.service_directions_servicedirection
    ADD CONSTRAINT service_directions_servicedirection_pkey PRIMARY KEY (id);


--
-- Name: service_directions_servicedirection service_directions_servicedirection_slug_key; Type: CONSTRAINT; Schema: public; Owner: postgres
--

ALTER TABLE ONLY public.service_directions_servicedirection
    ADD CONSTRAINT service_directions_servicedirection_slug_key UNIQUE (slug);


--
-- Name: service_types service_types_name_key; Type: CONSTRAINT; Schema: public; Owner: postgres
--

ALTER TABLE ONLY public.service_types
    ADD CONSTRAINT service_types_name_key UNIQUE (name);


--
-- Name: service_types service_types_pkey; Type: CONSTRAINT; Schema: public; Owner: postgres
--

ALTER TABLE ONLY public.service_types
    ADD CONSTRAINT service_types_pkey PRIMARY KEY (id);


--
-- Name: services_service services_service_pkey; Type: CONSTRAINT; Schema: public; Owner: postgres
--

ALTER TABLE ONLY public.services_service
    ADD CONSTRAINT services_service_pkey PRIMARY KEY (id);


--
-- Name: services_service services_service_slug_key; Type: CONSTRAINT; Schema: public; Owner: postgres
--

ALTER TABLE ONLY public.services_service
    ADD CONSTRAINT services_service_slug_key UNIQUE (slug);


--
-- Name: specialists_specialist specialists_specialist_pkey; Type: CONSTRAINT; Schema: public; Owner: postgres
--

ALTER TABLE ONLY public.specialists_specialist
    ADD CONSTRAINT specialists_specialist_pkey PRIMARY KEY (id);


--
-- Name: tests_test tests_test_pkey; Type: CONSTRAINT; Schema: public; Owner: postgres
--

ALTER TABLE ONLY public.tests_test
    ADD CONSTRAINT tests_test_pkey PRIMARY KEY (id);


--
-- Name: tests_test tests_test_slug_key; Type: CONSTRAINT; Schema: public; Owner: postgres
--

ALTER TABLE ONLY public.tests_test
    ADD CONSTRAINT tests_test_slug_key UNIQUE (slug);


--
-- Name: token_blacklist_blacklistedtoken token_blacklist_blacklistedtoken_pkey; Type: CONSTRAINT; Schema: public; Owner: postgres
--

ALTER TABLE ONLY public.token_blacklist_blacklistedtoken
    ADD CONSTRAINT token_blacklist_blacklistedtoken_pkey PRIMARY KEY (id);


--
-- Name: token_blacklist_blacklistedtoken token_blacklist_blacklistedtoken_token_id_key; Type: CONSTRAINT; Schema: public; Owner: postgres
--

ALTER TABLE ONLY public.token_blacklist_blacklistedtoken
    ADD CONSTRAINT token_blacklist_blacklistedtoken_token_id_key UNIQUE (token_id);


--
-- Name: token_blacklist_outstandingtoken token_blacklist_outstandingtoken_jti_hex_d9bdf6f7_uniq; Type: CONSTRAINT; Schema: public; Owner: postgres
--

ALTER TABLE ONLY public.token_blacklist_outstandingtoken
    ADD CONSTRAINT token_blacklist_outstandingtoken_jti_hex_d9bdf6f7_uniq UNIQUE (jti);


--
-- Name: token_blacklist_outstandingtoken token_blacklist_outstandingtoken_pkey; Type: CONSTRAINT; Schema: public; Owner: postgres
--

ALTER TABLE ONLY public.token_blacklist_outstandingtoken
    ADD CONSTRAINT token_blacklist_outstandingtoken_pkey PRIMARY KEY (id);


--
-- Name: watson_searchentry watson_searchentry_pkey; Type: CONSTRAINT; Schema: public; Owner: postgres
--

ALTER TABLE ONLY public.watson_searchentry
    ADD CONSTRAINT watson_searchentry_pkey PRIMARY KEY (id);


--
-- Name: accounts_customuser_email_4fd8e7ce_like; Type: INDEX; Schema: public; Owner: postgres
--

CREATE INDEX accounts_customuser_email_4fd8e7ce_like ON public.accounts_customuser USING btree (email varchar_pattern_ops);


--
-- Name: accounts_customuser_groups_customuser_id_bc55088e; Type: INDEX; Schema: public; Owner: postgres
--

CREATE INDEX accounts_customuser_groups_customuser_id_bc55088e ON public.accounts_customuser_groups USING btree (customuser_id);


--
-- Name: accounts_customuser_groups_group_id_86ba5f9e; Type: INDEX; Schema: public; Owner: postgres
--

CREATE INDEX accounts_customuser_groups_group_id_86ba5f9e ON public.accounts_customuser_groups USING btree (group_id);


--
-- Name: accounts_customuser_user_permissions_customuser_id_0deaefae; Type: INDEX; Schema: public; Owner: postgres
--

CREATE INDEX accounts_customuser_user_permissions_customuser_id_0deaefae ON public.accounts_customuser_user_permissions USING btree (customuser_id);


--
-- Name: accounts_customuser_user_permissions_permission_id_aea3d0e5; Type: INDEX; Schema: public; Owner: postgres
--

CREATE INDEX accounts_customuser_user_permissions_permission_id_aea3d0e5 ON public.accounts_customuser_user_permissions USING btree (permission_id);


--
-- Name: auth_group_name_a6ea08ec_like; Type: INDEX; Schema: public; Owner: postgres
--

CREATE INDEX auth_group_name_a6ea08ec_like ON public.auth_group USING btree (name varchar_pattern_ops);


--
-- Name: auth_group_permissions_group_id_b120cbf9; Type: INDEX; Schema: public; Owner: postgres
--

CREATE INDEX auth_group_permissions_group_id_b120cbf9 ON public.auth_group_permissions USING btree (group_id);


--
-- Name: auth_group_permissions_permission_id_84c5c92e; Type: INDEX; Schema: public; Owner: postgres
--

CREATE INDEX auth_group_permissions_permission_id_84c5c92e ON public.auth_group_permissions USING btree (permission_id);


--
-- Name: auth_permission_content_type_id_2f476e4b; Type: INDEX; Schema: public; Owner: postgres
--

CREATE INDEX auth_permission_content_type_id_2f476e4b ON public.auth_permission USING btree (content_type_id);


--
-- Name: django_admin_log_content_type_id_c4bce8eb; Type: INDEX; Schema: public; Owner: postgres
--

CREATE INDEX django_admin_log_content_type_id_c4bce8eb ON public.django_admin_log USING btree (content_type_id);


--
-- Name: django_admin_log_user_id_c564eba6; Type: INDEX; Schema: public; Owner: postgres
--

CREATE INDEX django_admin_log_user_id_c564eba6 ON public.django_admin_log USING btree (user_id);


--
-- Name: django_session_expire_date_a5c62663; Type: INDEX; Schema: public; Owner: postgres
--

CREATE INDEX django_session_expire_date_a5c62663 ON public.django_session USING btree (expire_date);


--
-- Name: django_session_session_key_c0390e0f_like; Type: INDEX; Schema: public; Owner: postgres
--

CREATE INDEX django_session_session_key_c0390e0f_like ON public.django_session USING btree (session_key varchar_pattern_ops);


--
-- Name: goods_good_article_d4302e_idx; Type: INDEX; Schema: public; Owner: postgres
--

CREATE INDEX goods_good_article_d4302e_idx ON public.goods_good USING btree (article);


--
-- Name: goods_good_enabled_d10604_idx; Type: INDEX; Schema: public; Owner: postgres
--

CREATE INDEX goods_good_enabled_d10604_idx ON public.goods_good USING btree (enabled);


--
-- Name: goods_good_service_a3b0af_idx; Type: INDEX; Schema: public; Owner: postgres
--

CREATE INDEX goods_good_service_a3b0af_idx ON public.goods_good USING btree (service_direction);


--
-- Name: goods_good_slug_2db51c_idx; Type: INDEX; Schema: public; Owner: postgres
--

CREATE INDEX goods_good_slug_2db51c_idx ON public.goods_good USING btree (slug);


--
-- Name: goods_good_slug_2f0eb442_like; Type: INDEX; Schema: public; Owner: postgres
--

CREATE INDEX goods_good_slug_2f0eb442_like ON public.goods_good USING btree (slug varchar_pattern_ops);


--
-- Name: job_titles_name_f2506b19_like; Type: INDEX; Schema: public; Owner: postgres
--

CREATE INDEX job_titles_name_f2506b19_like ON public.job_titles USING btree (name varchar_pattern_ops);


--
-- Name: news_news_created_b5b178_idx; Type: INDEX; Schema: public; Owner: postgres
--

CREATE INDEX news_news_created_b5b178_idx ON public.news_news USING btree (created_at);


--
-- Name: news_news_enabled_115d52_idx; Type: INDEX; Schema: public; Owner: postgres
--

CREATE INDEX news_news_enabled_115d52_idx ON public.news_news USING btree (enabled);


--
-- Name: news_news_service_dcb58d_idx; Type: INDEX; Schema: public; Owner: postgres
--

CREATE INDEX news_news_service_dcb58d_idx ON public.news_news USING btree (service_direction);


--
-- Name: news_news_slug_2b9132f1_like; Type: INDEX; Schema: public; Owner: postgres
--

CREATE INDEX news_news_slug_2b9132f1_like ON public.news_news USING btree (slug varchar_pattern_ops);


--
-- Name: news_news_slug_915ecd_idx; Type: INDEX; Schema: public; Owner: postgres
--

CREATE INDEX news_news_slug_915ecd_idx ON public.news_news USING btree (slug);


--
-- Name: requests_request_specialist_id_8d7af47b; Type: INDEX; Schema: public; Owner: postgres
--

CREATE INDEX requests_request_specialist_id_8d7af47b ON public.requests_request USING btree (specialist_id);


--
-- Name: service_directions_servicedirection_slug_2627cc61_like; Type: INDEX; Schema: public; Owner: postgres
--

CREATE INDEX service_directions_servicedirection_slug_2627cc61_like ON public.service_directions_servicedirection USING btree (slug varchar_pattern_ops);


--
-- Name: service_types_name_f8b7272f_like; Type: INDEX; Schema: public; Owner: postgres
--

CREATE INDEX service_types_name_f8b7272f_like ON public.service_types USING btree (name varchar_pattern_ops);


--
-- Name: services_service_slug_a56f96e2_like; Type: INDEX; Schema: public; Owner: postgres
--

CREATE INDEX services_service_slug_a56f96e2_like ON public.services_service USING btree (slug varchar_pattern_ops);


--
-- Name: tests_test_enabled_005eb7_idx; Type: INDEX; Schema: public; Owner: postgres
--

CREATE INDEX tests_test_enabled_005eb7_idx ON public.tests_test USING btree (enabled);


--
-- Name: tests_test_service_765547_idx; Type: INDEX; Schema: public; Owner: postgres
--

CREATE INDEX tests_test_service_765547_idx ON public.tests_test USING btree (service_direction);


--
-- Name: tests_test_slug_68c95b_idx; Type: INDEX; Schema: public; Owner: postgres
--

CREATE INDEX tests_test_slug_68c95b_idx ON public.tests_test USING btree (slug);


--
-- Name: tests_test_slug_f95f9177_like; Type: INDEX; Schema: public; Owner: postgres
--

CREATE INDEX tests_test_slug_f95f9177_like ON public.tests_test USING btree (slug varchar_pattern_ops);


--
-- Name: token_blacklist_outstandingtoken_jti_hex_d9bdf6f7_like; Type: INDEX; Schema: public; Owner: postgres
--

CREATE INDEX token_blacklist_outstandingtoken_jti_hex_d9bdf6f7_like ON public.token_blacklist_outstandingtoken USING btree (jti varchar_pattern_ops);


--
-- Name: token_blacklist_outstandingtoken_user_id_83bc629a; Type: INDEX; Schema: public; Owner: postgres
--

CREATE INDEX token_blacklist_outstandingtoken_user_id_83bc629a ON public.token_blacklist_outstandingtoken USING btree (user_id);


--
-- Name: watson_searchentry_content_type_id_bd552f03; Type: INDEX; Schema: public; Owner: postgres
--

CREATE INDEX watson_searchentry_content_type_id_bd552f03 ON public.watson_searchentry USING btree (content_type_id);


--
-- Name: watson_searchentry_engine_slug_516fbb0c; Type: INDEX; Schema: public; Owner: postgres
--

CREATE INDEX watson_searchentry_engine_slug_516fbb0c ON public.watson_searchentry USING btree (engine_slug);


--
-- Name: watson_searchentry_engine_slug_516fbb0c_like; Type: INDEX; Schema: public; Owner: postgres
--

CREATE INDEX watson_searchentry_engine_slug_516fbb0c_like ON public.watson_searchentry USING btree (engine_slug varchar_pattern_ops);


--
-- Name: watson_searchentry_object_id_fc48a5f2; Type: INDEX; Schema: public; Owner: postgres
--

CREATE INDEX watson_searchentry_object_id_fc48a5f2 ON public.watson_searchentry USING btree (object_id);


--
-- Name: watson_searchentry_object_id_fc48a5f2_like; Type: INDEX; Schema: public; Owner: postgres
--

CREATE INDEX watson_searchentry_object_id_fc48a5f2_like ON public.watson_searchentry USING btree (object_id varchar_pattern_ops);


--
-- Name: watson_searchentry_object_id_int_b04aab9e; Type: INDEX; Schema: public; Owner: postgres
--

CREATE INDEX watson_searchentry_object_id_int_b04aab9e ON public.watson_searchentry USING btree (object_id_int);


--
-- Name: watson_searchentry_search_tsv; Type: INDEX; Schema: public; Owner: postgres
--

CREATE INDEX watson_searchentry_search_tsv ON public.watson_searchentry USING gin (search_tsv);


--
-- Name: watson_searchentry watson_searchentry_trigger; Type: TRIGGER; Schema: public; Owner: postgres
--

CREATE TRIGGER watson_searchentry_trigger BEFORE INSERT OR UPDATE ON public.watson_searchentry FOR EACH ROW EXECUTE FUNCTION public.watson_searchentry_trigger_handler();


--
-- Name: accounts_customuser_user_permissions accounts_customuser__customuser_id_0deaefae_fk_accounts_; Type: FK CONSTRAINT; Schema: public; Owner: postgres
--

ALTER TABLE ONLY public.accounts_customuser_user_permissions
    ADD CONSTRAINT accounts_customuser__customuser_id_0deaefae_fk_accounts_ FOREIGN KEY (customuser_id) REFERENCES public.accounts_customuser(id) DEFERRABLE INITIALLY DEFERRED;


--
-- Name: accounts_customuser_groups accounts_customuser__customuser_id_bc55088e_fk_accounts_; Type: FK CONSTRAINT; Schema: public; Owner: postgres
--

ALTER TABLE ONLY public.accounts_customuser_groups
    ADD CONSTRAINT accounts_customuser__customuser_id_bc55088e_fk_accounts_ FOREIGN KEY (customuser_id) REFERENCES public.accounts_customuser(id) DEFERRABLE INITIALLY DEFERRED;


--
-- Name: accounts_customuser_user_permissions accounts_customuser__permission_id_aea3d0e5_fk_auth_perm; Type: FK CONSTRAINT; Schema: public; Owner: postgres
--

ALTER TABLE ONLY public.accounts_customuser_user_permissions
    ADD CONSTRAINT accounts_customuser__permission_id_aea3d0e5_fk_auth_perm FOREIGN KEY (permission_id) REFERENCES public.auth_permission(id) DEFERRABLE INITIALLY DEFERRED;


--
-- Name: accounts_customuser_groups accounts_customuser_groups_group_id_86ba5f9e_fk_auth_group_id; Type: FK CONSTRAINT; Schema: public; Owner: postgres
--

ALTER TABLE ONLY public.accounts_customuser_groups
    ADD CONSTRAINT accounts_customuser_groups_group_id_86ba5f9e_fk_auth_group_id FOREIGN KEY (group_id) REFERENCES public.auth_group(id) DEFERRABLE INITIALLY DEFERRED;


--
-- Name: auth_group_permissions auth_group_permissio_permission_id_84c5c92e_fk_auth_perm; Type: FK CONSTRAINT; Schema: public; Owner: postgres
--

ALTER TABLE ONLY public.auth_group_permissions
    ADD CONSTRAINT auth_group_permissio_permission_id_84c5c92e_fk_auth_perm FOREIGN KEY (permission_id) REFERENCES public.auth_permission(id) DEFERRABLE INITIALLY DEFERRED;


--
-- Name: auth_group_permissions auth_group_permissions_group_id_b120cbf9_fk_auth_group_id; Type: FK CONSTRAINT; Schema: public; Owner: postgres
--

ALTER TABLE ONLY public.auth_group_permissions
    ADD CONSTRAINT auth_group_permissions_group_id_b120cbf9_fk_auth_group_id FOREIGN KEY (group_id) REFERENCES public.auth_group(id) DEFERRABLE INITIALLY DEFERRED;


--
-- Name: auth_permission auth_permission_content_type_id_2f476e4b_fk_django_co; Type: FK CONSTRAINT; Schema: public; Owner: postgres
--

ALTER TABLE ONLY public.auth_permission
    ADD CONSTRAINT auth_permission_content_type_id_2f476e4b_fk_django_co FOREIGN KEY (content_type_id) REFERENCES public.django_content_type(id) DEFERRABLE INITIALLY DEFERRED;


--
-- Name: django_admin_log django_admin_log_content_type_id_c4bce8eb_fk_django_co; Type: FK CONSTRAINT; Schema: public; Owner: postgres
--

ALTER TABLE ONLY public.django_admin_log
    ADD CONSTRAINT django_admin_log_content_type_id_c4bce8eb_fk_django_co FOREIGN KEY (content_type_id) REFERENCES public.django_content_type(id) DEFERRABLE INITIALLY DEFERRED;


--
-- Name: django_admin_log django_admin_log_user_id_c564eba6_fk_accounts_customuser_id; Type: FK CONSTRAINT; Schema: public; Owner: postgres
--

ALTER TABLE ONLY public.django_admin_log
    ADD CONSTRAINT django_admin_log_user_id_c564eba6_fk_accounts_customuser_id FOREIGN KEY (user_id) REFERENCES public.accounts_customuser(id) DEFERRABLE INITIALLY DEFERRED;


--
-- Name: requests_request requests_request_specialist_id_8d7af47b_fk_specialis; Type: FK CONSTRAINT; Schema: public; Owner: postgres
--

ALTER TABLE ONLY public.requests_request
    ADD CONSTRAINT requests_request_specialist_id_8d7af47b_fk_specialis FOREIGN KEY (specialist_id) REFERENCES public.specialists_specialist(id) DEFERRABLE INITIALLY DEFERRED;


--
-- Name: token_blacklist_blacklistedtoken token_blacklist_blacklistedtoken_token_id_3cc7fe56_fk; Type: FK CONSTRAINT; Schema: public; Owner: postgres
--

ALTER TABLE ONLY public.token_blacklist_blacklistedtoken
    ADD CONSTRAINT token_blacklist_blacklistedtoken_token_id_3cc7fe56_fk FOREIGN KEY (token_id) REFERENCES public.token_blacklist_outstandingtoken(id) DEFERRABLE INITIALLY DEFERRED;


--
-- Name: token_blacklist_outstandingtoken token_blacklist_outs_user_id_83bc629a_fk_accounts_; Type: FK CONSTRAINT; Schema: public; Owner: postgres
--

ALTER TABLE ONLY public.token_blacklist_outstandingtoken
    ADD CONSTRAINT token_blacklist_outs_user_id_83bc629a_fk_accounts_ FOREIGN KEY (user_id) REFERENCES public.accounts_customuser(id) DEFERRABLE INITIALLY DEFERRED;


--
-- Name: watson_searchentry watson_searchentry_content_type_id_bd552f03_fk_django_co; Type: FK CONSTRAINT; Schema: public; Owner: postgres
--

ALTER TABLE ONLY public.watson_searchentry
    ADD CONSTRAINT watson_searchentry_content_type_id_bd552f03_fk_django_co FOREIGN KEY (content_type_id) REFERENCES public.django_content_type(id) DEFERRABLE INITIALLY DEFERRED;


--
-- PostgreSQL database dump complete
--

